id,population,known_ida,sexb,hybrid_statusc,genome_wide_anubis_ancestryd,nodup_mapq10_coveraged,percent_reads_mappedd,BioProject_WGSEQ,Paper_WGSEQ,Accession_WGSEQ,Paper_RNASEQ_1 (Tung_et_al_2015_eLIFE; PRJNA269070),Paper_RNASEQ_2 (Lea_et_al_2018_PNAS; PRJNA480672),Paper_RNASEQ_3 (Anderson_et_al_bioRxiv; PRJNA731520)
AMB_001,Amboseli,TRUE,F,recent,0.493,0.742,99.23,PRJNA755322,this_study,SAMN20814953,NA,NA,NA
AMB_002,Amboseli,TRUE,F,historical,0.317,1.091,99.30,PRJNA755322,this_study,SAMN20815138,NA,SRR7510408,NA
AMB_003,Amboseli,TRUE,M,recent,0.421,0.810,99.10,PRJNA755322,this_study,SAMN20815029,NA,SRR7510410,NA
AMB_004,Amboseli,TRUE,M,historical,0.286,0.907,98.71,PRJNA755322,this_study,SAMN20815279,NA,NA,NA
AMB_005,Amboseli,TRUE,M,recent,0.478,0.962,99.24,PRJNA755322,this_study,SAMN20814964,NA,NA,NA
AMB_006,Amboseli,TRUE,M,historical,0.274,0.987,99.30,PRJNA755322,this_study,SAMN20815313,NA,SRR7510412,NA
AMB_007,Amboseli,TRUE,M,historical,0.295,1.280,99.27,PRJNA755322,this_study,SAMN20815239,NA,NA,NA
AMB_008,Amboseli,TRUE,M,recent,0.522,1.118,99.14,PRJNA755322,this_study,SAMN20814941,NA,SRR7510453,NA
AMB_009,Amboseli,TRUE,F,recent,0.582,0.704,99.30,PRJNA755322,this_study,SAMN20814920,NA,SRR7510455,NA
AMB_010,Amboseli,TRUE,M,recent,0.531,1.028,99.24,PRJNA755322,this_study,SAMN20814934,NA,NA,NA
AMB_011,Amboseli,TRUE,M,recent,0.537,0.802,99.23,PRJNA755322,this_study,SAMN20814932,NA,NA,NA
AMB_012,Amboseli,TRUE,M,historical,0.276,0.954,99.28,PRJNA755322,this_study,SAMN20815307,NA,NA,NA
AMB_013,Amboseli,TRUE,F,unassigned,0.383,1.175,99.17,PRJNA755322,this_study,SAMN20815054,SRR1688522,NA,NA
AMB_014,Amboseli,TRUE,M,recent,0.433,0.823,99.26,PRJNA755322,this_study,SAMN20815017,NA,SRR7510451,NA
AMB_015,Amboseli,TRUE,F,recent,0.388,1.070,99.31,PRJNA755322,this_study,SAMN20815051,NA,NA,NA
AMB_016,Amboseli,TRUE,M,unassigned,0.356,1.263,99.25,PRJNA755322,this_study,SAMN20815080,SRR1688539,NA,NA
AMB_017,Amboseli,TRUE,M,unassigned,0.360,1.298,99.22,PRJNA755322,this_study,SAMN20815076,SRR1688523,NA,NA
AMB_018,Amboseli,TRUE,F,historical,0.291,1.280,99.35,PRJNA755322,this_study,SAMN20815253,NA,NA,NA
AMB_019,Amboseli,TRUE,F,unassigned,0.383,0.995,99.26,PRJNA755322,this_study,SAMN20815056,SRR1688536,NA,NA
AMB_020,Amboseli,TRUE,M,historical,0.288,0.918,99.22,PRJNA755322,this_study,SAMN20815268,NA,NA,NA
AMB_021,Amboseli,TRUE,M,historical,0.303,1.039,99.24,PRJNA755322,this_study,SAMN20815180,SRR1688512,NA,NA
AMB_022,Amboseli,TRUE,F,historical,0.278,1.060,99.28,PRJNA755322,this_study,SAMN20815302,NA,NA,NA
AMB_023,Amboseli,TRUE,F,recent,0.544,1.185,99.27,PRJNA755322,this_study,SAMN20814930,NA,SRR7510447,NA
AMB_024,Amboseli,TRUE,M,recent,0.446,0.843,99.14,PRJNA755322,this_study,SAMN20815001,SRR1688531,NA,NA
AMB_025,Amboseli,TRUE,M,recent,0.368,1.069,98.98,PRJNA755322,this_study,SAMN20815072,NA,SRR7510459,NA
AMB_026,Amboseli,TRUE,M,historical,0.299,0.860,99.31,PRJNA755322,this_study,SAMN20815207,NA,NA,NA
AMB_027,Amboseli,TRUE,M,recent,0.707,1.123,99.33,PRJNA755322,this_study,SAMN20814908,NA,NA,NA
AMB_028,Amboseli,TRUE,M,historical,0.301,1.213,99.24,PRJNA755322,this_study,SAMN20815197,NA,NA,NA
AMB_029,Amboseli,TRUE,F,recent,0.376,1.556,99.30,PRJNA755322,this_study,SAMN20815062,SRR1688518,NA,NA
AMB_030,Amboseli,TRUE,M,recent,0.444,1.306,99.29,PRJNA755322,this_study,SAMN20815003,NA,SRR7510461,NA
AMB_031,Amboseli,TRUE,M,historical,0.302,1.402,99.26,PRJNA755322,this_study,SAMN20815189,NA,NA,NA
AMB_032,Amboseli,TRUE,F,historical,0.288,0.996,99.12,PRJNA755322,this_study,SAMN20815269,SRR1688484,NA,NA
AMB_033,Amboseli,TRUE,F,recent,0.439,1.093,99.26,PRJNA755322,this_study,SAMN20815009,NA,SRR7510463,NA
AMB_034,Amboseli,TRUE,M,historical,0.299,1.362,99.16,PRJNA755322,this_study,SAMN20815205,NA,NA,NA
AMB_035,Amboseli,FALSE,NA,unassigned,0.421,1.095,99.04,PRJNA755322,this_study,SAMN20815027,NA,NA,SRR14608243
AMB_036,Amboseli,TRUE,M,recent,0.637,0.805,98.70,PRJNA755322,this_study,SAMN20814912,NA,SRR7510465,NA
AMB_037,Amboseli,TRUE,F,historical,0.303,1.018,99.25,PRJNA755322,this_study,SAMN20815181,NA,NA,NA
AMB_038,Amboseli,TRUE,F,historical,0.292,1.105,99.30,PRJNA755322,this_study,SAMN20815251,NA,NA,NA
AMB_039,Amboseli,TRUE,M,recent,0.707,0.827,99.29,PRJNA755322,this_study,SAMN20814909,NA,NA,NA
AMB_040,Amboseli,TRUE,F,recent,0.423,0.883,99.25,PRJNA755322,this_study,SAMN20815024,NA,NA,NA
AMB_041,Amboseli,TRUE,F,recent,0.481,1.252,99.25,PRJNA755322,this_study,SAMN20814962,NA,NA,NA
AMB_042,Amboseli,TRUE,F,historical,0.299,1.199,99.25,PRJNA755322,this_study,SAMN20815208,NA,NA,NA
AMB_043,Amboseli,TRUE,F,recent,0.435,1.450,99.27,PRJNA755322,this_study,SAMN20815013,SRR1688507,NA,NA
AMB_044,Amboseli,TRUE,F,recent,0.581,1.387,99.32,PRJNA755322,this_study,SAMN20814922,NA,SRR7510457,NA
AMB_045,Amboseli,TRUE,F,recent,0.411,1.135,99.30,PRJNA755322,this_study,SAMN20815035,NA,SRR7510478,NA
AMB_046,Amboseli,TRUE,F,recent,0.415,1.140,99.33,PRJNA755322,this_study,SAMN20815034,NA,SRR7510476,NA
AMB_047,Amboseli,TRUE,M,historical,0.289,1.051,99.27,PRJNA755322,this_study,SAMN20815265,NA,NA,NA
AMB_048,Amboseli,TRUE,F,recent,0.394,1.045,99.29,PRJNA755322,this_study,SAMN20815045,NA,SRR7510482,NA
AMB_049,Amboseli,TRUE,F,unassigned,0.451,1.165,99.12,PRJNA755322,this_study,SAMN20814994,NA,NA,SRR14608276
AMB_050,Amboseli,TRUE,F,historical,0.323,0.925,99.27,PRJNA755322,this_study,SAMN20815117,NA,NA,SRR14608273
AMB_051,Amboseli,TRUE,F,recent,0.395,1.066,99.34,PRJNA755322,this_study,SAMN20815043,SRR1688527,NA,NA
AMB_052,Amboseli,TRUE,F,recent,0.456,1.218,99.34,PRJNA755322,this_study,SAMN20814985,SRR1688529,NA,NA
AMB_053,Amboseli,TRUE,F,recent,0.283,1.222,99.28,PRJNA755322,this_study,SAMN20815290,NA,NA,NA
AMB_054,Amboseli,TRUE,M,recent,0.382,1.228,99.09,PRJNA755322,this_study,SAMN20815057,SRR1688514,SRR7510474,NA
AMB_055,Amboseli,TRUE,M,historical,0.276,0.913,99.29,PRJNA755322,this_study,SAMN20815306,NA,NA,NA
AMB_056,Amboseli,TRUE,M,recent,0.297,1.067,99.32,PRJNA755322,this_study,SAMN20815225,NA,NA,NA
AMB_057,Amboseli,TRUE,F,recent,0.308,0.686,98.98,PRJNA755322,this_study,SAMN20815155,SRR1688497,NA,NA
AMB_058,Amboseli,TRUE,M,recent,0.466,1.183,99.13,PRJNA755322,this_study,SAMN20814980,NA,NA,SRR14608269
AMB_059,Amboseli,TRUE,F,recent,0.384,1.032,99.31,PRJNA755322,this_study,SAMN20815053,NA,NA,NA
AMB_060,Amboseli,TRUE,M,recent,0.477,1.076,99.30,PRJNA755322,this_study,SAMN20814966,NA,SRR7510492,NA
AMB_061,Amboseli,TRUE,F,recent,0.289,1.197,99.32,PRJNA755322,this_study,SAMN20815267,NA,NA,NA
AMB_062,Amboseli,TRUE,M,recent,0.642,0.943,99.28,PRJNA755322,this_study,SAMN20814911,NA,NA,NA
AMB_063,Amboseli,TRUE,M,recent,0.389,1.006,99.24,PRJNA755322,this_study,SAMN20815050,NA,NA,NA
AMB_064,Amboseli,TRUE,M,recent,0.553,0.766,99.27,PRJNA755322,this_study,SAMN20814925,NA,SRR7510490,NA
AMB_065,Amboseli,TRUE,M,recent,0.906,1.192,99.26,PRJNA755322,this_study,SAMN20814907,NA,NA,NA
AMB_066,Amboseli,TRUE,F,recent,0.421,0.770,99.29,PRJNA755322,this_study,SAMN20815026,NA,NA,NA
AMB_067,Amboseli,TRUE,F,historical,0.296,0.898,99.30,PRJNA755322,this_study,SAMN20815231,NA,NA,NA
AMB_068,Amboseli,TRUE,F,recent,0.470,1.313,99.28,PRJNA755322,this_study,SAMN20814977,SRR1688478,SRR7510488,NA
AMB_069,Amboseli,TRUE,F,historical,0.310,1.141,99.14,PRJNA755322,this_study,SAMN20815151,NA,NA,NA
AMB_070,Amboseli,TRUE,F,historical,0.302,1.080,99.26,PRJNA755322,this_study,SAMN20815186,NA,NA,NA
AMB_071,Amboseli,TRUE,F,recent,0.368,1.092,99.29,PRJNA755322,this_study,SAMN20815069,NA,SRR7510486,NA
AMB_072,Amboseli,TRUE,M,historical,0.302,1.301,99.14,PRJNA755322,this_study,SAMN20815193,NA,NA,NA
AMB_073,Amboseli,TRUE,F,historical,0.299,0.815,98.91,PRJNA755322,this_study,SAMN20815206,NA,NA,NA
AMB_074,Amboseli,TRUE,M,historical,0.275,0.939,99.24,PRJNA755322,this_study,SAMN20815310,NA,NA,NA
AMB_075,Amboseli,TRUE,M,historical,0.327,0.730,99.08,PRJNA755322,this_study,SAMN20815109,NA,NA,NA
AMB_076,Amboseli,TRUE,F,recent,0.474,0.990,99.24,PRJNA755322,this_study,SAMN20814972,SRR1688508,NA,NA
AMB_077,Amboseli,TRUE,F,unassigned,0.392,1.271,99.29,PRJNA755322,this_study,SAMN20815047,SRR1688517,NA,NA
AMB_078,Amboseli,TRUE,F,historical,0.301,0.758,99.31,PRJNA755322,this_study,SAMN20815199,NA,NA,NA
AMB_079,Amboseli,TRUE,M,recent,0.645,1.112,99.20,PRJNA755322,this_study,SAMN20814910,NA,NA,NA
AMB_080,Amboseli,TRUE,F,recent,0.326,0.724,99.16,PRJNA755322,this_study,SAMN20815111,NA,NA,SRR14608260
AMB_081,Amboseli,TRUE,M,historical,0.280,1.080,99.24,PRJNA755322,this_study,SAMN20815297,NA,NA,NA
AMB_082,Amboseli,TRUE,M,historical,0.277,1.104,99.31,PRJNA755322,this_study,SAMN20815303,NA,NA,NA
AMB_083,Amboseli,TRUE,M,historical,0.306,1.073,99.27,PRJNA755322,this_study,SAMN20815161,NA,NA,NA
AMB_084,Amboseli,TRUE,M,historical,0.337,0.741,99.20,PRJNA755322,this_study,SAMN20815101,NA,NA,NA
AMB_085,Amboseli,TRUE,F,historical,0.303,1.101,99.31,PRJNA755322,this_study,SAMN20815183,NA,NA,NA
AMB_086,Amboseli,TRUE,F,historical,0.304,0.958,99.31,PRJNA755322,this_study,SAMN20815172,NA,NA,NA
AMB_087,Amboseli,TRUE,M,historical,0.340,0.738,99.30,PRJNA755322,this_study,SAMN20815095,SRR1688534,NA,NA
AMB_088,Amboseli,TRUE,M,historical,0.273,1.021,99.26,PRJNA755322,this_study,SAMN20815314,NA,NA,NA
AMB_089,Amboseli,TRUE,M,historical,0.332,1.010,99.24,PRJNA755322,this_study,SAMN20815105,NA,NA,NA
AMB_090,Amboseli,TRUE,M,historical,0.314,1.049,99.28,PRJNA755322,this_study,SAMN20815142,SRR1688496,NA,NA
AMB_091,Amboseli,TRUE,F,recent,0.475,1.043,99.31,PRJNA755322,this_study,SAMN20814971,NA,NA,NA
AMB_092,Amboseli,TRUE,F,recent,0.620,0.763,99.30,PRJNA755322,this_study,SAMN20814913,NA,NA,NA
AMB_093,Amboseli,TRUE,F,historical,0.309,1.130,98.70,PRJNA755322,this_study,SAMN20815152,NA,NA,NA
AMB_094,Amboseli,TRUE,M,recent,0.470,0.987,99.21,PRJNA755322,this_study,SAMN20814978,NA,NA,NA
AMB_095,Amboseli,TRUE,M,recent,0.476,0.910,99.23,PRJNA755322,this_study,SAMN20814968,SRR1688495,SRR7510497,SRR14608258
AMB_096,Amboseli,TRUE,F,historical,0.294,1.083,99.28,PRJNA755322,this_study,SAMN20815243,NA,NA,NA
AMB_097,Amboseli,TRUE,F,historical,0.285,0.898,99.32,PRJNA755322,this_study,SAMN20815282,NA,NA,NA
AMB_098,Amboseli,TRUE,F,historical,0.300,1.035,99.26,PRJNA755322,this_study,SAMN20815201,NA,NA,NA
AMB_099,Amboseli,TRUE,F,historical,0.286,1.108,99.29,PRJNA755322,this_study,SAMN20815277,SRR1688477,NA,NA
AMB_100,Amboseli,TRUE,F,historical,0.310,0.832,99.06,PRJNA755322,this_study,SAMN20815148,NA,NA,NA
AMB_101,Amboseli,TRUE,M,historical,0.307,1.115,99.23,PRJNA755322,this_study,SAMN20815158,SRR1688480,SRR7510499,NA
AMB_102,Amboseli,TRUE,F,historical,0.308,1.071,99.26,PRJNA755322,this_study,SAMN20815154,NA,NA,NA
AMB_103,Amboseli,TRUE,M,historical,0.303,1.193,98.40,PRJNA755322,this_study,SAMN20815179,SRR1688481,NA,NA
AMB_104,Amboseli,TRUE,M,recent,0.326,1.162,99.34,PRJNA755322,this_study,SAMN20815113,SRR1688509,NA,NA
AMB_105,Amboseli,TRUE,F,historical,0.320,1.217,99.29,PRJNA755322,this_study,SAMN20815125,NA,NA,NA
AMB_106,Amboseli,TRUE,M,historical,0.305,0.866,99.26,PRJNA755322,this_study,SAMN20815169,NA,NA,NA
AMB_107,Amboseli,TRUE,M,historical,0.346,0.954,99.30,PRJNA755322,this_study,SAMN20815088,NA,SRR7510501,NA
AMB_108,Amboseli,TRUE,F,historical,0.295,0.990,99.27,PRJNA755322,this_study,SAMN20815240,NA,NA,NA
AMB_109,Amboseli,TRUE,M,historical,0.212,0.963,99.09,PRJNA755322,this_study,SAMN20815326,NA,NA,NA
AMB_110,Amboseli,TRUE,M,historical,0.317,1.356,98.96,PRJNA755322,this_study,SAMN20815134,NA,NA,NA
AMB_111,Amboseli,TRUE,F,historical,0.341,1.094,99.30,PRJNA755322,this_study,SAMN20815094,NA,NA,NA
AMB_112,Amboseli,TRUE,F,historical,0.304,1.213,99.31,PRJNA755322,this_study,SAMN20815174,NA,NA,NA
AMB_113,Amboseli,TRUE,F,historical,0.291,1.239,99.25,PRJNA755322,this_study,SAMN20815254,NA,NA,NA
AMB_114,Amboseli,TRUE,F,recent,0.495,1.143,99.31,PRJNA755322,this_study,SAMN20814952,NA,NA,NA
AMB_115,Amboseli,TRUE,M,recent,0.415,0.802,99.24,PRJNA755322,this_study,SAMN20815032,NA,NA,NA
AMB_116,Amboseli,TRUE,F,historical,0.299,1.480,99.30,PRJNA755322,this_study,SAMN20815209,NA,NA,NA
AMB_117,Amboseli,TRUE,F,recent,0.454,1.290,99.32,PRJNA755322,this_study,SAMN20814987,NA,NA,NA
AMB_118,Amboseli,TRUE,M,recent,0.299,0.751,99.11,PRJNA755322,this_study,SAMN20815211,SRR1688491,NA,NA
AMB_119,Amboseli,TRUE,M,recent,0.391,0.846,99.26,PRJNA755322,this_study,SAMN20815049,SRR1688499,NA,NA
AMB_120,Amboseli,TRUE,F,historical,0.283,1.319,95.74,PRJNA755322,this_study,SAMN20815289,NA,NA,NA
AMB_121,Amboseli,TRUE,M,recent,0.350,1.197,99.24,PRJNA755322,this_study,SAMN20815084,SRR1688519,SRR7510503,NA
AMB_122,Amboseli,TRUE,F,recent,0.448,0.593,99.23,PRJNA755322,this_study,SAMN20814997,NA,NA,NA
AMB_123,Amboseli,TRUE,M,historical,0.275,1.218,99.12,PRJNA755322,this_study,SAMN20815309,NA,NA,NA
AMB_124,Amboseli,TRUE,M,historical,0.272,1.023,88.75,PRJNA755322,this_study,SAMN20815315,NA,NA,NA
AMB_125,Amboseli,TRUE,F,recent,0.523,1.065,99.29,PRJNA755322,this_study,SAMN20814939,NA,NA,NA
AMB_126,Amboseli,TRUE,F,historical,0.280,0.997,99.26,PRJNA755322,this_study,SAMN20815296,NA,NA,NA
AMB_127,Amboseli,TRUE,M,historical,0.324,0.798,98.59,PRJNA755322,this_study,SAMN20815115,NA,NA,SRR14608241
AMB_128,Amboseli,TRUE,F,recent,0.451,0.765,99.15,PRJNA755322,this_study,SAMN20814993,NA,NA,NA
AMB_129,Amboseli,TRUE,M,recent,0.373,1.388,99.32,PRJNA755322,this_study,SAMN20815065,SRR1688493,NA,NA
AMB_130,Amboseli,TRUE,F,recent,0.439,1.082,99.25,PRJNA755322,this_study,SAMN20815010,NA,SRR7510495,NA
AMB_131,Amboseli,TRUE,F,unassigned,0.378,1.326,99.30,PRJNA755322,this_study,SAMN20815060,SRR1688502,NA,NA
AMB_132,Amboseli,TRUE,M,recent,0.447,0.900,99.25,PRJNA755322,this_study,SAMN20815000,NA,NA,NA
AMB_133,Amboseli,TRUE,F,recent,0.436,0.705,99.26,PRJNA755322,this_study,SAMN20815011,SRR1688525,NA,NA
AMB_134,Amboseli,TRUE,F,historical,0.298,1.024,99.28,PRJNA755322,this_study,SAMN20815216,SRR1688513,NA,NA
AMB_135,Amboseli,TRUE,F,recent,0.475,1.241,99.06,PRJNA755322,this_study,SAMN20814970,NA,NA,NA
AMB_136,Amboseli,TRUE,F,recent,0.447,0.948,99.30,PRJNA755322,this_study,SAMN20814999,NA,NA,NA
AMB_137,Amboseli,TRUE,F,historical,0.281,1.147,99.31,PRJNA755322,this_study,SAMN20815294,SRR1688494,NA,NA
AMB_138,Amboseli,TRUE,M,recent,0.509,1.070,99.27,PRJNA755322,this_study,SAMN20814948,NA,NA,NA
AMB_139,Amboseli,TRUE,F,recent,0.430,0.831,99.30,PRJNA755322,this_study,SAMN20815020,NA,NA,NA
AMB_140,Amboseli,TRUE,M,historical,0.300,0.769,91.82,PRJNA755322,this_study,SAMN20815202,NA,NA,NA
AMB_141,Amboseli,TRUE,F,historical,0.296,0.926,99.21,PRJNA755322,this_study,SAMN20815233,NA,NA,NA
AMB_142,Amboseli,TRUE,M,historical,0.287,1.058,99.25,PRJNA755322,this_study,SAMN20815273,NA,NA,NA
AMB_143,Amboseli,TRUE,F,historical,0.319,0.987,99.27,PRJNA755322,this_study,SAMN20815129,SRR1688498,NA,NA
AMB_144,Amboseli,TRUE,F,historical,0.348,1.086,99.31,PRJNA755322,this_study,SAMN20815086,NA,NA,NA
AMB_145,Amboseli,TRUE,M,recent,0.476,0.997,99.15,PRJNA755322,this_study,SAMN20814967,NA,NA,NA
AMB_146,Amboseli,TRUE,M,historical,0.291,0.830,99.24,PRJNA755322,this_study,SAMN20815258,NA,NA,NA
AMB_147,Amboseli,TRUE,F,recent,0.453,1.169,99.29,PRJNA755322,this_study,SAMN20814988,NA,SRR7510387,NA
AMB_148,Amboseli,TRUE,F,historical,0.296,0.893,99.29,PRJNA755322,this_study,SAMN20815234,NA,NA,NA
AMB_149,Amboseli,TRUE,M,recent,0.457,1.023,99.22,PRJNA755322,this_study,SAMN20814984,NA,SRR7510389,NA
AMB_150,Amboseli,TRUE,M,unassigned,0.381,1.294,99.30,PRJNA755322,this_study,SAMN20815058,NA,NA,NA
AMB_151,Amboseli,TRUE,M,historical,0.287,1.248,99.27,PRJNA755322,this_study,SAMN20815274,NA,NA,NA
AMB_152,Amboseli,FALSE,NA,unassigned,0.372,1.092,99.24,PRJNA755322,this_study,SAMN20815066,NA,SRR7510383,NA
AMB_153,Amboseli,TRUE,M,recent,0.458,1.473,99.27,PRJNA755322,this_study,SAMN20814982,SRR1688479,NA,NA
AMB_154,Amboseli,TRUE,M,historical,0.283,1.335,99.31,PRJNA755322,this_study,SAMN20815288,NA,NA,NA
AMB_155,Amboseli,TRUE,F,historical,0.323,0.968,94.25,PRJNA755322,this_study,SAMN20815118,NA,NA,NA
AMB_156,Amboseli,TRUE,F,historical,0.289,1.109,99.27,PRJNA755322,this_study,SAMN20815264,NA,NA,NA
AMB_157,Amboseli,TRUE,M,recent,0.435,0.941,99.26,PRJNA755322,this_study,SAMN20815012,NA,NA,NA
AMB_158,Amboseli,TRUE,F,historical,0.304,1.338,98.29,PRJNA755322,this_study,SAMN20815176,NA,NA,NA
AMB_159,Amboseli,TRUE,M,historical,0.302,1.142,99.31,PRJNA755322,this_study,SAMN20815187,SRR1688530,NA,NA
AMB_160,Amboseli,TRUE,F,historical,0.320,1.170,99.04,PRJNA755322,this_study,SAMN20815126,NA,NA,NA
AMB_161,Amboseli,TRUE,M,historical,0.303,0.900,99.17,PRJNA755322,this_study,SAMN20815184,SRR1688500,NA,NA
AMB_162,Amboseli,TRUE,M,historical,0.262,0.916,99.29,PRJNA755322,this_study,SAMN20815320,NA,NA,NA
AMB_163,Amboseli,TRUE,F,recent,0.452,1.232,99.23,PRJNA755322,this_study,SAMN20814991,NA,NA,NA
AMB_164,Amboseli,TRUE,M,recent,0.462,1.065,99.29,PRJNA755322,this_study,SAMN20814981,NA,NA,NA
AMB_165,Amboseli,TRUE,F,historical,0.320,1.282,99.27,PRJNA755322,this_study,SAMN20815124,NA,NA,SRR14608236
AMB_166,Amboseli,TRUE,M,historical,0.298,1.137,99.11,PRJNA755322,this_study,SAMN20815213,NA,NA,NA
AMB_167,Amboseli,TRUE,M,recent,0.441,0.953,99.23,PRJNA755322,this_study,SAMN20815007,SRR1688521,NA,NA
AMB_168,Amboseli,TRUE,M,historical,0.289,0.850,99.21,PRJNA755322,this_study,SAMN20815266,NA,NA,NA
AMB_169,Amboseli,TRUE,M,recent,0.458,1.092,99.20,PRJNA755322,this_study,SAMN20814983,NA,NA,NA
AMB_170,Amboseli,TRUE,F,historical,0.313,0.944,99.19,PRJNA755322,this_study,SAMN20815145,NA,NA,NA
AMB_171,Amboseli,TRUE,F,historical,0.295,1.090,99.20,PRJNA755322,this_study,SAMN20815238,NA,NA,NA
AMB_172,Amboseli,TRUE,F,recent,0.448,1.072,99.30,PRJNA755322,this_study,SAMN20814998,NA,SRR7510391,NA
AMB_173,Amboseli,TRUE,M,historical,0.321,0.910,99.17,PRJNA755322,this_study,SAMN20815122,NA,NA,NA
AMB_174,Amboseli,TRUE,F,recent,0.300,0.799,99.15,PRJNA755322,this_study,SAMN20815203,NA,NA,NA
AMB_175,Amboseli,TRUE,M,recent,0.322,0.908,99.24,PRJNA755322,this_study,SAMN20815121,NA,SRR7510400,SRR14608232
AMB_176,Amboseli,TRUE,M,recent,0.348,1.157,99.27,PRJNA755322,this_study,SAMN20815087,SRR1688492,NA,NA
AMB_177,Amboseli,TRUE,F,recent,0.306,1.023,99.18,PRJNA755322,this_study,SAMN20815163,NA,NA,NA
AMB_178,Amboseli,TRUE,M,recent,0.286,1.245,99.32,PRJNA755322,this_study,SAMN20815278,SRR1688487,NA,NA
AMB_179,Amboseli,TRUE,F,recent,0.294,0.976,99.31,PRJNA755322,this_study,SAMN20815244,NA,NA,NA
AMB_180,Amboseli,TRUE,M,recent,0.431,0.873,99.26,PRJNA755322,this_study,SAMN20815018,NA,NA,NA
AMB_181,Amboseli,TRUE,F,recent,0.305,0.959,99.28,PRJNA755322,this_study,SAMN20815167,NA,NA,NA
AMB_182,Amboseli,TRUE,F,recent,0.451,0.735,99.20,PRJNA755322,this_study,SAMN20814992,SRR1688490,NA,NA
AMB_183,Amboseli,TRUE,F,recent,0.307,0.738,99.29,PRJNA755322,this_study,SAMN20815156,NA,NA,NA
AMB_184,Amboseli,TRUE,M,historical,0.325,0.792,99.10,PRJNA755322,this_study,SAMN20815114,SRR1688489,NA,NA
AMB_185,Amboseli,TRUE,F,recent,0.434,0.974,99.35,PRJNA755322,this_study,SAMN20815014,NA,NA,NA
AMB_186,Amboseli,TRUE,F,unassigned,0.367,0.838,99.26,PRJNA755322,this_study,SAMN20815073,NA,NA,NA
AMB_187,Amboseli,TRUE,M,historical,0.337,1.255,99.12,PRJNA755322,this_study,SAMN20815100,NA,NA,NA
AMB_188,Amboseli,TRUE,F,historical,0.338,0.921,98.76,PRJNA755322,this_study,SAMN20815098,NA,NA,NA
AMB_189,Amboseli,TRUE,M,historical,0.296,1.090,99.27,PRJNA755322,this_study,SAMN20815235,NA,NA,NA
AMB_190,Amboseli,TRUE,M,historical,0.329,0.907,98.34,PRJNA755322,this_study,SAMN20815108,NA,NA,NA
AMB_191,Amboseli,TRUE,M,recent,0.356,1.053,99.26,PRJNA755322,this_study,SAMN20815081,SRR1688520,NA,NA
AMB_192,Amboseli,TRUE,M,historical,0.286,1.461,98.21,PRJNA755322,this_study,SAMN20815276,NA,NA,NA
AMB_193,Amboseli,TRUE,F,recent,0.483,1.080,99.30,PRJNA755322,this_study,SAMN20814958,NA,NA,NA
AMB_194,Amboseli,TRUE,F,recent,0.397,0.904,99.28,PRJNA755322,this_study,SAMN20815041,NA,NA,NA
AMB_195,Amboseli,TRUE,M,historical,0.284,1.225,99.31,PRJNA755322,this_study,SAMN20815286,NA,NA,NA
AMB_196,Amboseli,TRUE,M,historical,0.300,0.809,99.30,PRJNA755322,this_study,SAMN20815204,NA,NA,NA
AMB_197,Amboseli,TRUE,F,historical,0.317,1.041,99.24,PRJNA755322,this_study,SAMN20815135,NA,NA,NA
AMB_198,Amboseli,TRUE,F,historical,0.323,1.225,99.19,PRJNA755322,this_study,SAMN20815120,NA,NA,NA
AMB_199,Amboseli,TRUE,M,recent,0.539,0.905,99.27,PRJNA755322,this_study,SAMN20814931,SRR1688504,NA,NA
AMB_200,Amboseli,TRUE,M,historical,0.292,1.078,99.18,PRJNA755322,this_study,SAMN20815250,NA,NA,NA
AMB_201,Amboseli,TRUE,M,recent,0.606,1.209,99.23,PRJNA755322,this_study,SAMN20814916,NA,NA,NA
AMB_202,Amboseli,TRUE,F,historical,0.285,1.369,99.29,PRJNA755322,this_study,SAMN20815283,NA,SRR7510398,NA
AMB_203,Amboseli,FALSE,NA,unassigned,0.496,1.154,99.03,PRJNA755322,this_study,SAMN20814951,NA,SRR7510396,NA
AMB_204,Amboseli,TRUE,F,historical,0.290,1.041,99.30,PRJNA755322,this_study,SAMN20815260,NA,NA,SRR14608225
AMB_205,Amboseli,TRUE,F,recent,0.482,1.339,99.30,PRJNA755322,this_study,SAMN20814960,NA,SRR7510394,NA
AMB_206,Amboseli,TRUE,M,recent,0.339,1.294,99.28,PRJNA755322,this_study,SAMN20815097,NA,SRR7510402,NA
AMB_207,Amboseli,TRUE,M,recent,0.427,1.113,99.23,PRJNA755322,this_study,SAMN20815023,SRR1688483,NA,NA
AMB_208,Amboseli,TRUE,M,historical,0.304,0.946,99.32,PRJNA755322,this_study,SAMN20815175,NA,NA,NA
AMB_209,Amboseli,TRUE,F,historical,0.306,1.240,99.19,PRJNA755322,this_study,SAMN20815160,NA,NA,NA
AMB_210,Amboseli,TRUE,F,historical,0.336,1.052,99.25,PRJNA755322,this_study,SAMN20815103,NA,NA,NA
AMB_211,Amboseli,TRUE,F,historical,0.298,0.688,99.23,PRJNA755322,this_study,SAMN20815217,NA,NA,NA
AMB_212,Amboseli,TRUE,M,historical,0.261,1.144,99.28,PRJNA755322,this_study,SAMN20815321,NA,SRR7510444,NA
AMB_213,Amboseli,TRUE,F,historical,0.297,0.790,99.32,PRJNA755322,this_study,SAMN20815226,SRR1688488,NA,NA
AMB_214,Amboseli,TRUE,F,historical,0.279,1.157,99.27,PRJNA755322,this_study,SAMN20815299,NA,NA,NA
AMB_215,Amboseli,TRUE,M,recent,0.555,1.390,99.23,PRJNA755322,this_study,SAMN20814924,SRR1688533,NA,NA
AMB_216,Amboseli,TRUE,M,historical,0.304,0.730,99.25,PRJNA755322,this_study,SAMN20815177,NA,NA,NA
AMB_217,Amboseli,TRUE,F,recent,0.531,0.939,99.28,PRJNA755322,this_study,SAMN20814935,NA,NA,NA
AMB_218,Amboseli,TRUE,M,recent,0.434,1.109,99.21,PRJNA755322,this_study,SAMN20815015,NA,NA,SRR14608221
AMB_219,Amboseli,TRUE,M,unassigned,0.368,1.067,99.26,PRJNA755322,this_study,SAMN20815071,NA,NA,NA
AMB_220,Amboseli,TRUE,F,recent,0.326,1.577,99.24,PRJNA755322,this_study,SAMN20815112,NA,SRR7510472,SRR14608218
AMB_221,Amboseli,TRUE,M,recent,0.469,1.049,99.26,PRJNA755322,this_study,SAMN20814979,NA,SRR7510413,NA
AMB_222,Amboseli,TRUE,M,unassigned,0.352,0.920,99.23,PRJNA755322,this_study,SAMN20815083,SRR1688482,NA,NA
AMB_223,Amboseli,TRUE,M,recent,0.517,1.276,99.25,PRJNA755322,this_study,SAMN20814943,SRR1688511,NA,NA
AMB_224,Amboseli,TRUE,M,recent,0.361,1.210,99.24,PRJNA755322,this_study,SAMN20815075,NA,SRR7510435,NA
AMB_225,Amboseli,TRUE,M,historical,0.330,1.118,99.06,PRJNA755322,this_study,SAMN20815107,NA,NA,NA
AMB_226,Amboseli,TRUE,M,historical,0.291,1.145,99.29,PRJNA755322,this_study,SAMN20815256,NA,NA,NA
AMB_227,Amboseli,TRUE,M,historical,0.276,0.831,98.03,PRJNA755322,this_study,SAMN20815305,NA,NA,NA
AMB_228,Amboseli,TRUE,M,recent,0.549,1.732,98.95,PRJNA755322,this_study,SAMN20814926,NA,SRR7510429,NA
AMB_229,Amboseli,TRUE,M,recent,0.360,1.036,99.30,PRJNA755322,this_study,SAMN20815077,NA,NA,NA
AMB_230,Amboseli,FALSE,NA,unassigned,0.275,1.280,98.84,PRJNA755322,this_study,SAMN20815311,NA,NA,NA
AMB_231,Amboseli,TRUE,M,recent,0.517,1.173,99.31,PRJNA755322,this_study,SAMN20814944,NA,NA,NA
AMB_232,Amboseli,TRUE,M,historical,0.308,0.966,99.21,PRJNA755322,this_study,SAMN20815153,SRR1688505,NA,NA
AMB_233,Amboseli,TRUE,M,unassigned,0.445,1.120,98.82,PRJNA755322,this_study,SAMN20815002,SRR1688486,NA,NA
AMB_234,Amboseli,TRUE,F,historical,0.293,1.040,99.31,PRJNA755322,this_study,SAMN20815246,NA,SRR7510426,NA
AMB_235,Amboseli,TRUE,F,recent,0.392,1.352,99.30,PRJNA755322,this_study,SAMN20815048,SRR1688515,NA,NA
AMB_236,Amboseli,TRUE,M,historical,0.285,1.353,99.28,PRJNA755322,this_study,SAMN20815281,NA,NA,NA
AMB_237,Amboseli,TRUE,F,historical,0.279,1.243,99.26,PRJNA755322,this_study,SAMN20815300,NA,SRR7510445,NA
AMB_238,Amboseli,TRUE,F,recent,0.598,1.236,99.38,PRJNA755322,this_study,SAMN20814917,SRR1688503,SRR7510438,NA
AMB_239,Amboseli,TRUE,M,historical,0.275,1.347,96.67,PRJNA755322,this_study,SAMN20815312,NA,NA,NA
AMB_240,Amboseli,TRUE,F,historical,0.284,1.246,99.28,PRJNA755322,this_study,SAMN20815287,NA,NA,NA
AMB_241,Amboseli,TRUE,F,recent,0.378,1.028,98.31,PRJNA755322,this_study,SAMN20815059,NA,NA,SRR14608211
AMB_242,Amboseli,TRUE,F,historical,0.344,0.874,99.28,PRJNA755322,this_study,SAMN20815090,NA,NA,NA
AMB_243,Amboseli,TRUE,F,recent,0.408,0.763,99.24,PRJNA755322,this_study,SAMN20815036,NA,NA,SRR14608254
AMB_244,Amboseli,TRUE,F,historical,0.317,1.320,98.51,PRJNA755322,this_study,SAMN20815136,NA,NA,NA
AMB_245,Amboseli,TRUE,F,historical,0.287,1.245,99.31,PRJNA755322,this_study,SAMN20815275,NA,NA,NA
AMB_246,Amboseli,TRUE,F,recent,0.491,1.095,99.30,PRJNA755322,this_study,SAMN20814954,NA,SRR7510436,NA
AMB_247,Amboseli,TRUE,M,historical,0.267,1.361,99.29,PRJNA755322,this_study,SAMN20815318,NA,NA,NA
AMB_248,Amboseli,TRUE,M,historical,0.272,1.603,99.04,PRJNA755322,this_study,SAMN20815316,NA,NA,NA
AMB_249,Amboseli,TRUE,F,historical,0.267,1.197,99.29,PRJNA755322,this_study,SAMN20815319,NA,NA,NA
AMB_250,Amboseli,TRUE,F,historical,0.333,0.950,99.26,PRJNA755322,this_study,SAMN20815104,NA,NA,NA
AMB_251,Amboseli,TRUE,F,historical,0.297,1.302,99.30,PRJNA755322,this_study,SAMN20815224,NA,NA,NA
AMB_252,Amboseli,TRUE,F,historical,0.343,0.984,86.46,PRJNA755322,this_study,SAMN20815091,NA,NA,NA
AMB_253,Amboseli,TRUE,M,historical,0.342,0.766,99.28,PRJNA755322,this_study,SAMN20815093,NA,NA,NA
AMB_254,Amboseli,TRUE,M,unassigned,0.358,1.069,99.27,PRJNA755322,this_study,SAMN20815078,NA,NA,NA
AMB_255,Amboseli,TRUE,M,recent,0.419,1.028,99.21,PRJNA755322,this_study,SAMN20815031,NA,NA,NA
AMB_256,Amboseli,TRUE,F,historical,0.313,1.241,99.27,PRJNA755322,this_study,SAMN20815143,NA,NA,NA
AMB_257,Amboseli,TRUE,F,unassigned,0.368,1.349,99.31,PRJNA755322,this_study,SAMN20815070,NA,NA,NA
AMB_258,Amboseli,TRUE,M,recent,0.450,1.251,99.25,PRJNA755322,this_study,SAMN20814996,NA,SRR7510442,NA
AMB_259,Amboseli,TRUE,F,recent,0.453,0.927,99.29,PRJNA755322,this_study,SAMN20814989,SRR1688538,NA,NA
AMB_260,Amboseli,TRUE,M,recent,0.429,0.760,99.12,PRJNA755322,this_study,SAMN20815022,NA,NA,NA
AMB_261,Amboseli,TRUE,F,recent,0.430,1.076,99.12,PRJNA755322,this_study,SAMN20815019,NA,NA,NA
AMB_262,Amboseli,TRUE,F,recent,0.475,1.040,99.31,PRJNA755322,this_study,SAMN20814969,SRR1688535,NA,NA
AMB_263,Amboseli,TRUE,F,historical,0.295,0.983,99.30,PRJNA755322,this_study,SAMN20815241,NA,NA,NA
AMB_264,Amboseli,TRUE,F,historical,0.317,1.354,99.31,PRJNA755322,this_study,SAMN20815133,NA,NA,NA
AMB_265,Amboseli,TRUE,F,recent,0.452,1.053,99.30,PRJNA755322,this_study,SAMN20814990,NA,NA,SRR14608252
AMB_266,Amboseli,TRUE,F,recent,0.415,1.344,99.30,PRJNA755322,this_study,SAMN20815033,NA,NA,NA
AMB_267,Amboseli,TRUE,M,historical,0.311,0.915,99.31,PRJNA755322,this_study,SAMN20815147,NA,NA,NA
AMB_268,Amboseli,TRUE,M,historical,0.301,1.152,99.29,PRJNA755322,this_study,SAMN20815194,SRR1688506,NA,NA
AMB_269,Amboseli,TRUE,F,recent,0.321,0.908,99.04,PRJNA755322,this_study,SAMN20815123,NA,NA,NA
AMB_270,Amboseli,TRUE,M,recent,0.319,1.160,99.25,PRJNA755322,this_study,SAMN20815130,NA,SRR7510431,NA
AMB_271,Amboseli,TRUE,F,recent,0.481,1.214,99.31,PRJNA755322,this_study,SAMN20814961,SRR1688526,NA,NA
AMB_272,Amboseli,TRUE,M,historical,0.313,1.498,99.27,PRJNA755322,this_study,SAMN20815144,SRR1688532,SRR7510421,NA
AMB_273,Amboseli,TRUE,M,recent,0.488,0.697,99.27,PRJNA755322,this_study,SAMN20814956,NA,SRR7510423,NA
AMB_274,Amboseli,TRUE,F,historical,0.281,1.222,99.30,PRJNA755322,this_study,SAMN20815293,NA,NA,NA
AMB_275,Amboseli,TRUE,M,unassigned,0.394,1.048,99.14,PRJNA755322,this_study,SAMN20815044,NA,NA,NA
AMB_276,Amboseli,TRUE,F,recent,0.339,1.173,99.34,PRJNA755322,this_study,SAMN20815096,NA,NA,NA
AMB_277,Amboseli,TRUE,M,recent,0.336,1.042,99.29,PRJNA755322,this_study,SAMN20815102,NA,NA,NA
AMB_278,Amboseli,TRUE,F,recent,0.357,0.962,99.33,PRJNA755322,this_study,SAMN20815079,NA,SRR7510417,NA
AMB_279,Amboseli,TRUE,F,recent,0.477,1.104,99.35,PRJNA755322,this_study,SAMN20814965,NA,NA,NA
AMB_280,Amboseli,TRUE,F,recent,0.400,1.084,99.30,PRJNA755322,this_study,SAMN20815040,NA,SRR7510415,NA
AMB_281,Amboseli,TRUE,M,recent,0.524,1.212,99.30,PRJNA755322,this_study,SAMN20814938,SRR1688510,NA,NA
AMB_282,Amboseli,TRUE,F,recent,0.422,1.241,99.29,PRJNA755322,this_study,SAMN20815025,NA,NA,NA
AMB_283,Amboseli,TRUE,M,recent,0.581,1.580,99.23,PRJNA755322,this_study,SAMN20814921,NA,NA,NA
AMB_284,Amboseli,FALSE,NA,unassigned,0.293,1.142,99.18,PRJNA755322,this_study,SAMN20815247,NA,NA,SRR14608217
AMB_285,Amboseli,TRUE,M,historical,0.305,1.047,98.65,PRJNA755322,this_study,SAMN20815168,NA,NA,NA
AMB_286,Amboseli,TRUE,M,recent,0.566,1.083,99.21,PRJNA755322,this_study,SAMN20814923,NA,SRR7510449,NA
AMB_287,Amboseli,TRUE,M,recent,0.613,0.983,99.27,PRJNA755322,this_study,SAMN20814914,NA,SRR7510470,NA
AMB_288,Amboseli,FALSE,NA,unassigned,0.295,1.141,99.12,PRJNA755322,this_study,SAMN20815237,NA,NA,NA
AMB_289,Amboseli,TRUE,F,recent,0.563,1.761,99.01,PRJNA308870,Wall_et_al_2016_Mol_Eco,SRR3151893,NA,SRR7510484,NA
AMB_290,Amboseli,TRUE,F,recent,0.551,1.509,99.26,PRJNA308870,Wall_et_al_2016_Mol_Eco,SRR3151894,SRR1688485,SRR7510385,NA
AMB_291,Amboseli,TRUE,F,unassigned,0.364,2.062,99.22,PRJNA308870,Wall_et_al_2016_Mol_Eco,SRR3151895,NA,NA,NA
AMB_292,Amboseli,TRUE,M,historical,0.312,3.268,99.15,PRJNA308870,Wall_et_al_2016_Mol_Eco,SRR3151897,NA,NA,NA
AMB_293,Amboseli,TRUE,M,recent,0.795,0.657,98.34,PRJNA308870,Wall_et_al_2016_Mol_Eco,SRR3151896,NA,NA,NA
AMB_294,Amboseli,TRUE,F,recent,0.421,1.310,99.30,PRJNA308870,Wall_et_al_2016_Mol_Eco,SRR3151898,NA,NA,NA
AMB_295,Amboseli,TRUE,M,unassigned,0.398,1.378,98.95,PRJNA308870,Wall_et_al_2016_Mol_Eco,SRR3151899,NA,NA,NA
AMB_296,Amboseli,TRUE,M,unassigned,0.437,0.775,99.04,PRJNA308870,Wall_et_al_2016_Mol_Eco,SRR3151900,NA,NA,NA
AMB_297,Amboseli,TRUE,M,unassigned,0.460,1.160,99.20,PRJNA308870,Wall_et_al_2016_Mol_Eco,SRR3151901,NA,NA,NA
AMB_298,Amboseli,TRUE,F,unassigned,0.442,1.187,99.25,PRJNA308870,Wall_et_al_2016_Mol_Eco,SRR3151902,NA,NA,NA
AMB_299,Amboseli,TRUE,F,historical,0.327,3.046,99.24,PRJNA308870,Wall_et_al_2016_Mol_Eco,SRR3151903,NA,NA,NA
AMB_300,Amboseli,TRUE,M,recent,0.701,1.375,99.19,PRJNA308870,Wall_et_al_2016_Mol_Eco,SRR3151905,NA,NA,NA
AMB_301,Amboseli,TRUE,M,recent,0.514,34.811,99.05,PRJNA755322,this_study,SAMN20814945,NA,NA,NA
AMB_302,Amboseli,TRUE,F,unassigned,0.445,1.123,99.28,PRJNA308870,Wall_et_al_2016_Mol_Eco,SRR3151907,NA,NA,NA
AMB_303,Amboseli,TRUE,M,recent,0.827,1.108,99.19,PRJNA308870,Wall_et_al_2016_Mol_Eco,SRR3151908,NA,NA,NA
AMB_304,Amboseli,TRUE,M,recent,0.617,0.577,99.24,PRJNA308870,Wall_et_al_2016_Mol_Eco,SRR3151909,NA,NA,NA
AMB_305,Amboseli,TRUE,F,unassigned,0.377,1.531,99.30,PRJNA308870,Wall_et_al_2016_Mol_Eco,SRR3151910,NA,NA,NA
AMB_306,Amboseli,TRUE,M,historical,0.331,2.903,99.24,PRJNA308870,Wall_et_al_2016_Mol_Eco,SRR3151911,NA,NA,NA
AMB_307,Amboseli,TRUE,M,recent,0.699,2.062,99.08,PRJNA308870,Wall_et_al_2016_Mol_Eco,SRR3151912,SRR1688537,NA,NA
AMB_308,Amboseli,TRUE,M,recent,0.575,1.338,99.28,PRJNA308870,Wall_et_al_2016_Mol_Eco,SRR3151913,SRR1688524,SRR7510419,NA
AMB_309,Amboseli,TRUE,M,recent,0.506,1.400,99.18,PRJNA308870,Wall_et_al_2016_Mol_Eco,SRR3151914,SRR1688501,NA,NA
AMB_310,Amboseli,TRUE,F,historical,0.234,22.735,98.39,PRJNA295782,Snyder_Mackler_et_al_2016_Genetics,SRR2565912; SRR2650000; SRR2650075,NA,NA,NA
AMB_311,Amboseli,TRUE,M,historical,0.239,24.829,98.36,PRJNA295782,Snyder_Mackler_et_al_2016_Genetics,SRR2565914,NA,NA,NA
AMB_312,Amboseli,TRUE,F,historical,0.296,36.688,98.76,PRJNA755322,this_study,SAMN20815227,NA,NA,NA
AMB_313,Amboseli,TRUE,F,historical,0.236,37.895,99.22,PRJNA755322,this_study,SAMN20815325,NA,NA,NA
AMB_314,Amboseli,TRUE,F,historical,0.250,39.004,98.82,PRJNA755322,this_study,SAMN20815322,NA,NA,NA
AMB_315,Amboseli,TRUE,M,recent,0.593,1.064,99.06,PRJNA755322,this_study,SAMN20814919,NA,SRR7510404,NA
AMB_316,Amboseli,TRUE,M,historical,0.240,28.813,99.00,PRJNA755322,this_study,SAMN20815324,NA,NA,NA
AMB_317,Amboseli,TRUE,M,recent,0.508,39.203,98.87,PRJNA755322,this_study,SAMN20814949,NA,NA,NA
AMB_318,Amboseli,TRUE,F,historical,0.245,32.508,98.74,PRJNA755322,this_study,SAMN20815323,SRR1688516,NA,NA
AMB_319,Amboseli,TRUE,M,historical,0.348,0.664,99.30,PRJNA755322,this_study,SAMN20815085,NA,NA,NA
AMB_320,Amboseli,TRUE,M,recent,0.472,0.898,93.37,PRJNA755322,this_study,SAMN20814976,NA,NA,NA
AMB_321,Amboseli,TRUE,F,recent,0.375,1.116,99.05,PRJNA755322,this_study,SAMN20815063,NA,NA,SRR14608284
AMB_322,Amboseli,TRUE,M,historical,0.283,1.066,93.48,PRJNA755322,this_study,SAMN20815291,NA,NA,NA
AMB_323,Amboseli,TRUE,F,recent,0.430,0.717,67.10,PRJNA755322,this_study,SAMN20815021,NA,NA,NA
AMB_324,Amboseli,FALSE,NA,unassigned,0.294,0.803,99.24,PRJNA755322,this_study,SAMN20815245,NA,NA,NA
AMB_325,Amboseli,TRUE,F,historical,0.277,1.015,99.33,PRJNA755322,this_study,SAMN20815304,NA,NA,NA
AMB_326,Amboseli,TRUE,M,historical,0.327,0.860,99.05,PRJNA755322,this_study,SAMN20815110,NA,NA,NA
AMB_327,Amboseli,TRUE,M,recent,0.377,0.825,94.63,PRJNA755322,this_study,SAMN20815061,NA,NA,NA
AMB_328,Amboseli,FALSE,NA,unassigned,0.279,1.002,99.21,PRJNA755322,this_study,SAMN20815301,NA,NA,NA
AMB_329,Amboseli,TRUE,M,recent,0.526,0.791,99.25,PRJNA755322,this_study,SAMN20814937,NA,NA,NA
AMB_330,Amboseli,TRUE,M,unassigned,0.352,0.976,99.16,PRJNA755322,this_study,SAMN20815082,NA,NA,NA
AMB_331,Amboseli,TRUE,F,historical,0.280,0.514,57.26,PRJNA755322,this_study,SAMN20815295,NA,NA,NA
AMB_332,Amboseli,TRUE,M,historical,0.301,0.641,98.26,PRJNA755322,this_study,SAMN20815196,NA,NA,NA
AMB_333,Amboseli,TRUE,F,recent,0.444,0.906,99.29,PRJNA755322,this_study,SAMN20815005,NA,NA,NA
AMB_334,Amboseli,TRUE,M,historical,0.306,0.910,99.22,PRJNA755322,this_study,SAMN20815166,NA,NA,NA
AMB_335,Amboseli,TRUE,M,historical,0.304,0.899,99.31,PRJNA755322,this_study,SAMN20815173,NA,NA,NA
AMB_336,Amboseli,TRUE,F,recent,0.439,0.867,98.95,PRJNA755322,this_study,SAMN20815008,NA,NA,NA
AMB_337,Amboseli,TRUE,F,historical,0.296,0.749,93.22,PRJNA755322,this_study,SAMN20815230,NA,NA,NA
AMB_338,Amboseli,TRUE,F,recent,0.396,0.824,99.05,PRJNA755322,this_study,SAMN20815042,NA,NA,SRR14608282
AMB_339,Amboseli,TRUE,F,historical,0.284,0.834,99.08,PRJNA755322,this_study,SAMN20815285,NA,NA,NA
AMB_340,Amboseli,TRUE,M,recent,0.292,0.956,99.16,PRJNA755322,this_study,SAMN20815249,NA,NA,NA
AMB_341,Amboseli,TRUE,F,historical,0.285,0.878,99.15,PRJNA755322,this_study,SAMN20815280,NA,NA,NA
AMB_342,Amboseli,TRUE,F,unassigned,0.385,0.970,99.29,PRJNA755322,this_study,SAMN20815052,NA,NA,NA
AMB_343,Amboseli,TRUE,F,historical,0.287,0.849,99.10,PRJNA755322,this_study,SAMN20815272,NA,NA,NA
AMB_344,Amboseli,TRUE,F,recent,0.479,0.794,99.16,PRJNA755322,this_study,SAMN20814963,NA,NA,SRR14608267
AMB_345,Amboseli,TRUE,F,historical,0.303,0.638,99.19,PRJNA755322,this_study,SAMN20815182,NA,NA,NA
AMB_346,Amboseli,TRUE,F,historical,0.276,0.915,99.20,PRJNA755322,this_study,SAMN20815308,NA,NA,NA
AMB_347,Amboseli,TRUE,F,historical,0.303,0.887,99.06,PRJNA755322,this_study,SAMN20815178,NA,NA,NA
AMB_348,Amboseli,TRUE,M,recent,0.521,1.123,99.06,PRJNA755322,this_study,SAMN20814942,NA,NA,SRR14608265
AMB_349,Amboseli,TRUE,F,historical,0.296,1.268,99.07,PRJNA755322,this_study,SAMN20815228,NA,NA,NA
AMB_350,Amboseli,TRUE,F,recent,0.403,1.068,99.20,PRJNA755322,this_study,SAMN20815039,NA,NA,SRR14608278
AMB_351,Amboseli,TRUE,M,historical,0.317,1.333,99.17,PRJNA755322,this_study,SAMN20815140,NA,NA,NA
AMB_352,Amboseli,TRUE,F,historical,0.343,1.104,99.17,PRJNA755322,this_study,SAMN20815092,NA,NA,NA
AMB_353,Amboseli,TRUE,M,recent,0.511,0.916,99.21,PRJNA755322,this_study,SAMN20814947,NA,NA,NA
AMB_354,Amboseli,FALSE,NA,unassigned,0.302,1.188,99.03,PRJNA755322,this_study,SAMN20815192,NA,NA,NA
AMB_355,Amboseli,TRUE,M,historical,0.302,1.081,99.26,PRJNA755322,this_study,SAMN20815188,NA,NA,NA
AMB_356,Amboseli,TRUE,F,recent,0.394,0.861,99.21,PRJNA755322,this_study,SAMN20815046,NA,NA,SRR14608271
AMB_357,Amboseli,TRUE,M,recent,0.609,0.809,99.21,PRJNA755322,this_study,SAMN20814915,NA,NA,NA
AMB_358,Amboseli,TRUE,F,recent,0.421,0.959,99.17,PRJNA755322,this_study,SAMN20815028,NA,NA,SRR14608256
AMB_359,Amboseli,TRUE,F,historical,0.299,0.896,99.20,PRJNA755322,this_study,SAMN20815210,NA,NA,NA
AMB_360,Amboseli,TRUE,M,historical,0.282,1.215,99.00,PRJNA755322,this_study,SAMN20815292,NA,NA,NA
AMB_361,Amboseli,TRUE,M,historical,0.304,0.851,99.19,PRJNA755322,this_study,SAMN20815171,NA,NA,NA
AMB_362,Amboseli,TRUE,F,historical,0.285,1.096,99.25,PRJNA755322,this_study,SAMN20815284,NA,NA,NA
AMB_363,Amboseli,TRUE,F,historical,0.290,0.772,99.28,PRJNA755322,this_study,SAMN20815261,NA,NA,NA
AMB_364,Amboseli,FALSE,NA,unassigned,0.530,1.077,98.85,PRJNA755322,this_study,SAMN20814936,NA,NA,SRR14608247
AMB_365,Amboseli,TRUE,F,historical,0.296,1.112,99.08,PRJNA755322,this_study,SAMN20815229,NA,NA,NA
AMB_366,Amboseli,TRUE,M,historical,0.287,1.422,99.07,PRJNA755322,this_study,SAMN20815271,SRR1688528,NA,NA
AMB_367,Amboseli,FALSE,NA,unassigned,0.302,1.325,99.21,PRJNA755322,this_study,SAMN20815185,NA,NA,NA
AMB_368,Amboseli,TRUE,F,historical,0.310,1.067,99.25,PRJNA755322,this_study,SAMN20815149,NA,NA,NA
AMB_369,Amboseli,TRUE,F,recent,0.474,1.416,99.03,PRJNA755322,this_study,SAMN20814973,NA,NA,NA
AMB_370,Amboseli,TRUE,F,historical,0.319,0.568,99.23,PRJNA755322,this_study,SAMN20815128,NA,NA,NA
AMB_371,Amboseli,TRUE,F,historical,0.298,0.877,99.18,PRJNA755322,this_study,SAMN20815214,NA,NA,NA
AMB_372,Amboseli,TRUE,F,recent,0.474,0.947,99.27,PRJNA755322,this_study,SAMN20814974,NA,NA,NA
AMB_373,Amboseli,TRUE,F,recent,0.548,1.076,99.24,PRJNA755322,this_study,SAMN20814927,NA,NA,NA
AMB_374,Amboseli,TRUE,F,recent,0.514,0.712,99.20,PRJNA755322,this_study,SAMN20814946,NA,NA,NA
AMB_375,Amboseli,TRUE,F,recent,0.451,1.188,99.24,PRJNA755322,this_study,SAMN20814995,NA,NA,NA
AMB_376,Amboseli,TRUE,M,unassigned,0.369,0.778,99.11,PRJNA755322,this_study,SAMN20815068,NA,NA,NA
AMB_377,Amboseli,TRUE,M,historical,0.297,1.001,99.15,PRJNA755322,this_study,SAMN20815221,NA,NA,NA
AMB_378,Amboseli,TRUE,M,historical,0.288,1.338,99.20,PRJNA755322,this_study,SAMN20815270,NA,NA,NA
AMB_379,Amboseli,TRUE,M,historical,0.294,0.982,99.25,PRJNA755322,this_study,SAMN20815242,NA,NA,NA
AMB_380,Amboseli,TRUE,M,historical,0.295,0.983,99.21,PRJNA755322,this_study,SAMN20815236,NA,NA,NA
AMB_381,Amboseli,TRUE,F,historical,0.297,1.064,99.23,PRJNA755322,this_study,SAMN20815220,NA,NA,NA
AMB_382,Amboseli,TRUE,F,historical,0.280,1.044,99.17,PRJNA755322,this_study,SAMN20815298,NA,NA,NA
AMB_383,Amboseli,TRUE,M,historical,0.301,0.986,99.26,PRJNA755322,this_study,SAMN20815198,NA,NA,NA
AMB_384,Amboseli,TRUE,F,recent,0.433,0.868,99.06,PRJNA755322,this_study,SAMN20815016,NA,NA,NA
AMB_385,Amboseli,TRUE,F,historical,0.307,1.080,99.01,PRJNA755322,this_study,SAMN20815159,NA,NA,NA
AMB_386,Amboseli,TRUE,M,historical,0.298,0.732,99.20,PRJNA755322,this_study,SAMN20815218,NA,NA,NA
AMB_387,Amboseli,TRUE,M,historical,0.268,1.130,99.14,PRJNA755322,this_study,SAMN20815317,NA,NA,NA
AMB_388,Amboseli,TRUE,F,unassigned,0.371,0.919,99.17,PRJNA755322,this_study,SAMN20815067,NA,NA,SRR14608215
AMB_389,Amboseli,TRUE,M,recent,0.522,0.829,99.20,PRJNA755322,this_study,SAMN20814940,NA,NA,SRR14608286
AMB_390,Amboseli,TRUE,M,recent,0.546,0.868,99.24,PRJNA755322,this_study,SAMN20814928,NA,SRR7510480,NA
AMB_391,Amboseli,TRUE,M,recent,0.442,0.631,98.28,PRJNA755322,this_study,SAMN20815006,NA,NA,SRR14608262
AMB_392,Amboseli,TRUE,M,historical,0.293,0.940,99.19,PRJNA755322,this_study,SAMN20815248,NA,NA,NA
AMB_393,Amboseli,FALSE,NA,unassigned,0.297,1.254,99.13,PRJNA755322,this_study,SAMN20815219,NA,NA,NA
AMB_394,Amboseli,TRUE,F,historical,0.291,1.104,99.19,PRJNA755322,this_study,SAMN20815257,NA,NA,NA
AMB_395,Amboseli,TRUE,M,historical,0.317,0.769,98.91,PRJNA755322,this_study,SAMN20815139,NA,NA,NA
AMB_396,Amboseli,TRUE,F,historical,0.291,0.956,99.10,PRJNA755322,this_study,SAMN20815255,NA,NA,NA
AMB_397,Amboseli,TRUE,M,recent,0.444,0.897,99.15,PRJNA755322,this_study,SAMN20815004,NA,NA,SRR14608274
AMB_398,Amboseli,TRUE,M,historical,0.323,0.994,99.13,PRJNA755322,this_study,SAMN20815119,NA,NA,NA
AMB_399,Amboseli,FALSE,NA,unassigned,0.302,1.022,98.55,PRJNA755322,this_study,SAMN20815190,NA,NA,NA
AMB_400,Amboseli,TRUE,F,historical,0.297,0.933,99.10,PRJNA755322,this_study,SAMN20815222,NA,NA,NA
AMB_401,Amboseli,TRUE,M,recent,0.420,0.767,99.08,PRJNA755322,this_study,SAMN20815030,NA,NA,SRR14608239
AMB_402,Amboseli,TRUE,F,recent,0.593,1.189,99.15,PRJNA755322,this_study,SAMN20814918,NA,NA,NA
AMB_403,Amboseli,TRUE,M,recent,0.374,0.760,98.88,PRJNA755322,this_study,SAMN20815064,NA,SRR7510469,NA
AMB_404,Amboseli,TRUE,M,historical,0.297,1.099,99.12,PRJNA755322,this_study,SAMN20815223,NA,NA,NA
AMB_405,Amboseli,TRUE,F,recent,0.383,0.870,99.20,PRJNA755322,this_study,SAMN20815055,NA,NA,SRR14608249
AMB_406,Amboseli,TRUE,F,historical,0.302,0.845,99.01,PRJNA755322,this_study,SAMN20815191,NA,NA,NA
AMB_407,Amboseli,TRUE,F,historical,0.292,1.024,99.06,PRJNA755322,this_study,SAMN20815252,NA,NA,NA
AMB_408,Amboseli,TRUE,F,historical,0.316,1.068,99.05,PRJNA755322,this_study,SAMN20815141,NA,NA,SRR14608238
AMB_409,Amboseli,TRUE,M,historical,0.320,1.010,99.18,PRJNA755322,this_study,SAMN20815127,NA,NA,NA
AMB_410,Amboseli,TRUE,M,recent,0.408,0.987,99.20,PRJNA755322,this_study,SAMN20815037,NA,NA,SRR14608245
AMB_411,Amboseli,TRUE,M,recent,0.364,0.933,99.15,PRJNA755322,this_study,SAMN20815074,NA,NA,SRR14608213
AMB_412,Amboseli,TRUE,M,recent,0.485,0.649,99.07,PRJNA755322,this_study,SAMN20814957,NA,NA,SRR14608234
AMB_413,Amboseli,TRUE,F,historical,0.344,1.036,99.16,PRJNA755322,this_study,SAMN20815089,NA,NA,SRR14608219
AMB_414,Amboseli,TRUE,M,recent,0.506,1.070,99.22,PRJNA755322,this_study,SAMN20814950,NA,SRR7510433,NA
AMB_415,Amboseli,TRUE,M,recent,0.546,0.995,92.75,PRJNA755322,this_study,SAMN20814929,NA,NA,NA
AMB_416,Amboseli,TRUE,F,historical,0.298,1.032,99.23,PRJNA755322,this_study,SAMN20815212,NA,NA,NA
AMB_417,Amboseli,FALSE,NA,unassigned,0.296,1.234,99.05,PRJNA755322,this_study,SAMN20815232,NA,NA,NA
AMB_418,Amboseli,TRUE,M,recent,0.323,1.027,98.67,PRJNA755322,this_study,SAMN20815116,NA,NA,NA
AMB_419,Amboseli,TRUE,M,recent,0.455,0.841,99.00,PRJNA755322,this_study,SAMN20814986,NA,NA,SRR14608280
AMB_420,Amboseli,TRUE,M,recent,0.472,0.886,99.18,PRJNA755322,this_study,SAMN20814975,NA,SRR7510440,NA
AMB_421,Amboseli,TRUE,M,historical,0.291,0.981,99.08,PRJNA755322,this_study,SAMN20815259,NA,NA,NA
AMB_422,Amboseli,TRUE,M,recent,0.482,1.026,99.16,PRJNA755322,this_study,SAMN20814959,NA,NA,SRR14608230
AMB_423,Amboseli,TRUE,M,historical,0.310,0.814,99.06,PRJNA755322,this_study,SAMN20815150,NA,NA,NA
AMB_424,Amboseli,TRUE,F,historical,0.290,1.250,99.24,PRJNA755322,this_study,SAMN20815262,NA,NA,NA
AMB_425,Amboseli,TRUE,M,historical,0.312,0.843,98.38,PRJNA755322,this_study,SAMN20815146,NA,NA,NA
AMB_426,Amboseli,TRUE,M,historical,0.337,0.945,99.15,PRJNA755322,this_study,SAMN20815099,NA,SRR7510406,NA
AMB_427,Amboseli,TRUE,F,recent,0.488,0.820,99.12,PRJNA755322,this_study,SAMN20814955,NA,NA,SRR14608227
AMB_428,Amboseli,TRUE,F,recent,0.536,0.819,99.21,PRJNA755322,this_study,SAMN20814933,NA,NA,NA
AMB_429,Amboseli,TRUE,F,historical,0.301,1.085,99.25,PRJNA755322,this_study,SAMN20815195,NA,NA,NA
AMB_430,Amboseli,TRUE,M,historical,0.298,0.910,99.19,PRJNA755322,this_study,SAMN20815215,NA,NA,NA
AMB_431,Amboseli,TRUE,F,historical,0.305,0.743,99.25,PRJNA755322,this_study,SAMN20815170,NA,NA,NA
AMB_432,Amboseli,TRUE,F,recent,0.408,1.013,98.97,PRJNA755322,this_study,SAMN20815038,NA,NA,SRR14608223
AMB_433,Amboseli,TRUE,M,historical,0.317,0.835,99.04,PRJNA755322,this_study,SAMN20815137,NA,NA,NA
AMB_434,Amboseli,TRUE,F,historical,0.306,0.893,99.23,PRJNA755322,this_study,SAMN20815165,NA,NA,NA
AMB_435,Amboseli,TRUE,F,historical,0.290,1.131,99.04,PRJNA755322,this_study,SAMN20815263,NA,NA,NA
AMB_436,Amboseli,TRUE,M,historical,0.330,0.999,98.90,PRJNA755322,this_study,SAMN20815106,NA,NA,NA
AMB_437,Amboseli,TRUE,F,historical,0.318,0.899,99.10,PRJNA755322,this_study,SAMN20815132,NA,NA,NA
AMB_438,Amboseli,TRUE,M,historical,0.307,1.154,98.86,PRJNA755322,this_study,SAMN20815157,NA,NA,NA
AMB_439,Amboseli,TRUE,M,historical,0.306,1.043,95.88,PRJNA755322,this_study,SAMN20815164,NA,NA,NA
AMB_440,Amboseli,TRUE,F,historical,0.300,1.094,98.72,PRJNA755322,this_study,SAMN20815200,NA,NA,NA
AMB_441,Amboseli,TRUE,M,historical,0.306,1.222,99.12,PRJNA755322,this_study,SAMN20815162,NA,NA,NA
AMB_442,Amboseli,TRUE,M,historical,0.318,0.957,99.16,PRJNA755322,this_study,SAMN20815131,NA,NA,NA
MAS_001,Maasai_Mara,NA,NA,NA,NA,1.788,99.28,PRJNA308870,Wall_et_al_2016_Mol_Eco,SRR3151921,NA,NA,NA
MAS_002,Maasai_Mara,NA,NA,NA,NA,1.766,99.30,PRJNA308870,Wall_et_al_2016_Mol_Eco,SRR3151922,NA,NA,NA
MAS_003,Maasai_Mara,NA,NA,NA,NA,3.464,99.30,PRJNA308870,Wall_et_al_2016_Mol_Eco,SRR3151923,NA,NA,NA
MAS_004,Maasai_Mara,NA,NA,NA,NA,1.890,99.29,PRJNA308870,Wall_et_al_2016_Mol_Eco,SRR3151924,NA,NA,NA
MAS_005,Maasai_Mara,NA,NA,NA,NA,2.161,99.32,PRJNA308870,Wall_et_al_2016_Mol_Eco,SRR3151925,NA,NA,NA
MAS_006,Maasai_Mara,NA,NA,NA,NA,2.722,99.34,PRJNA308870,Wall_et_al_2016_Mol_Eco,SRR3151926,NA,NA,NA
MAS_007,Maasai_Mara,NA,NA,NA,NA,1.525,99.30,PRJNA308870,Wall_et_al_2016_Mol_Eco,SRR3151927,NA,NA,NA
MIK_001,Mikumi,NA,NA,NA,NA,0.957,99.01,PRJNA308870,Wall_et_al_2016_Mol_Eco,SRR3151928,NA,NA,NA
MIK_002,Mikumi,NA,NA,NA,NA,0.408,95.48,PRJNA308870,Wall_et_al_2016_Mol_Eco,SRR3151929,NA,NA,NA
MIK_003,Mikumi,NA,NA,NA,NA,1.131,95.55,PRJNA308870,Wall_et_al_2016_Mol_Eco,SRR3151930,NA,NA,NA
MIK_004,Mikumi,NA,NA,NA,NA,9.702,87.81,PRJNA755322,this_study,SAMN20814897,NA,NA,NA
MIK_005,Mikumi,NA,NA,NA,NA,12.716,97.35,PRJNA755322,this_study,SAMN20814898,NA,NA,NA
MIK_006,Mikumi,NA,NA,NA,NA,14.242,99.16,PRJNA755322,this_study,SAMN20814899,NA,NA,NA
MIK_007,Mikumi,NA,NA,NA,NA,13.702,97.30,PRJNA755322,this_study,SAMN20814900,NA,NA,NA
MIK_008,Mikumi,NA,NA,NA,NA,0.914,83.98,PRJNA308870,Wall_et_al_2016_Mol_Eco,SRR3151935,NA,NA,NA
MIK_009,Mikumi,NA,NA,NA,NA,13.950,98.96,PRJNA755322,this_study,SAMN20814901,NA,NA,NA
MIK_010,Mikumi,NA,NA,NA,NA,13.684,99.04,PRJNA755322,this_study,SAMN20814902,NA,NA,NA
MIK_011,Mikumi,NA,NA,NA,NA,15.026,99.16,PRJNA755322,this_study,SAMN20814903,NA,NA,NA
MIK_012,Mikumi,NA,NA,NA,NA,13.935,99.11,PRJNA755322,this_study,SAMN20814904,NA,NA,NA
MIK_013,Mikumi,NA,NA,NA,NA,12.429,99.06,PRJNA755322,this_study,SAMN20814905,NA,NA,NA
MIK_014,Mikumi,NA,NA,NA,NA,14.414,99.06,PRJNA755322,this_study,SAMN20814906,NA,NA,NA
WNP_001,WNPRC,NA,NA,NA,NA,1.241,99.28,PRJNA308870,Wall_et_al_2016_Mol_Eco,SRR3151915,NA,NA,NA
WNP_002,WNPRC,NA,NA,NA,NA,1.455,99.29,PRJNA308870,Wall_et_al_2016_Mol_Eco,SRR3151916,NA,NA,NA
WNP_003,WNPRC,NA,NA,NA,NA,1.741,99.27,PRJNA308870,Wall_et_al_2016_Mol_Eco,SRR3151917,NA,NA,NA
WNP_004,WNPRC,NA,NA,NA,NA,1.917,99.33,PRJNA308870,Wall_et_al_2016_Mol_Eco,SRR3151918,NA,NA,NA
WNP_005,WNPRC,NA,NA,NA,NA,1.480,99.29,PRJNA308870,Wall_et_al_2016_Mol_Eco,SRR3151919,NA,NA,NA
WNP_006,WNPRC,NA,NA,NA,NA,1.065,99.25,PRJNA308870,Wall_et_al_2016_Mol_Eco,SRR3151920,NA,NA,NA
1_1979,SNPRC_founder_anubis,NA,NA,NA,NA,33.683,99.08,PRJNA433868,Robinson_et_al_2019_Gen_res,SRR8285766,NA,NA,NA
1_3548,SNPRC_founder_yellow,NA,NA,NA,NA,38.435,99.13,PRJNA433868,Robinson_et_al_2019_Gen_res,SRR8285731,NA,NA,NA
1X0014,SNPRC_founder_anubis,NA,NA,NA,NA,35.479,98.95,PRJNA433868,Robinson_et_al_2019_Gen_res,SRR8285765,NA,NA,NA
1X0026,SNPRC_founder_anubis,NA,NA,NA,NA,36.225,99.00,PRJNA433868,Robinson_et_al_2019_Gen_res,SRR8285721,NA,NA,NA
1X0035,SNPRC_founder_anubis,NA,NA,NA,NA,27.929,99.10,PRJNA433868,Robinson_et_al_2019_Gen_res,SRR8285748,NA,NA,NA
1X0102,SNPRC_founder_yellow,NA,NA,NA,NA,31.161,97.82,PRJNA433868,Robinson_et_al_2019_Gen_res,SRR8285751,NA,NA,NA
1X0110,SNPRC_founder_yellow,NA,NA,NA,NA,42.090,99.14,PRJNA433868,Robinson_et_al_2019_Gen_res,SRR8285726,NA,NA,NA
1X0153,SNPRC_founder_anubis,NA,NA,NA,NA,29.525,99.07,PRJNA433868,Robinson_et_al_2019_Gen_res,SRR8285749,NA,NA,NA
1X0576,SNPRC_founder_anubis,NA,NA,NA,NA,35.014,99.18,PRJNA433868,Robinson_et_al_2019_Gen_res,SRR8285730,NA,NA,NA
1X0580,SNPRC_founder_anubis,NA,NA,NA,NA,37.682,99.20,PRJNA433868,Robinson_et_al_2019_Gen_res,SRR8285763,NA,NA,NA
1X0808,SNPRC_founder_anubis,NA,NA,NA,NA,33.216,99.13,PRJNA433868,Robinson_et_al_2019_Gen_res,SRR8285767,NA,NA,NA
1X0832,SNPRC_founder_anubis,NA,NA,NA,NA,39.666,98.82,PRJNA433868,Robinson_et_al_2019_Gen_res,SRR8285722,NA,NA,NA
1X0951,SNPRC_founder_anubis,NA,NA,NA,NA,34.890,99.17,PRJNA433868,Robinson_et_al_2019_Gen_res,SRR8285764,NA,NA,NA
1X1032,SNPRC_founder_anubis,NA,NA,NA,NA,34.758,98.67,PRJNA433868,Robinson_et_al_2019_Gen_res,SRR8285723,NA,NA,NA
1X1125,SNPRC_founder_anubis,NA,NA,NA,NA,36.494,99.17,PRJNA433868,Robinson_et_al_2019_Gen_res,SRR8723580,NA,NA,NA
1X1126,SNPRC_founder_anubis,NA,NA,NA,NA,71.329,98.96,PRJNA433868,Robinson_et_al_2019_Gen_res,SRR8285768; SRR8285734,NA,NA,NA
1X1146,SNPRC_founder_anubis,NA,NA,NA,NA,34.910,98.89,PRJNA433868,Robinson_et_al_2019_Gen_res,SRR8285724,NA,NA,NA
1X1152,SNPRC_founder_anubis,NA,NA,NA,NA,35.823,99.01,PRJNA433868,Robinson_et_al_2019_Gen_res,SRR8285735,NA,NA,NA
1X1181,SNPRC_founder_anubis,NA,NA,NA,NA,35.871,99.11,PRJNA433868,Robinson_et_al_2019_Gen_res,SRR8723583,NA,NA,NA
1X1672,SNPRC_founder_anubis,NA,NA,NA,NA,60.113,99.12,PRJNA433868,Robinson_et_al_2019_Gen_res,SRR8285720,NA,NA,NA
1X1700,SNPRC_founder_anubis,NA,NA,NA,NA,37.762,98.96,PRJNA433868,Robinson_et_al_2019_Gen_res,SRR8723582,NA,NA,NA
1X1734,SNPRC_founder_yellow,NA,NA,NA,NA,32.213,98.80,PRJNA433868,Robinson_et_al_2019_Gen_res,SRR8285733,NA,NA,NA
1X1765,SNPRC_founder_anubis,NA,NA,NA,NA,58.456,97.84,PRJNA433868,Robinson_et_al_2019_Gen_res,SRR7639477; SRR7639464,NA,NA,NA
1X1939,SNPRC_founder_anubis,NA,NA,NA,NA,35.972,99.02,PRJNA433868,Robinson_et_al_2019_Gen_res,SRR8285736,NA,NA,NA
1X1947,SNPRC_founder_anubis,NA,NA,NA,NA,35.345,98.80,PRJNA433868,Robinson_et_al_2019_Gen_res,SRR8285725,NA,NA,NA
1X2049,SNPRC_founder_yellow,NA,NA,NA,NA,34.882,98.75,PRJNA433868,Robinson_et_al_2019_Gen_res,SRR8285729,NA,NA,NA
1X2208,SNPRC_founder_yellow,NA,NA,NA,NA,38.522,99.05,PRJNA433868,Robinson_et_al_2019_Gen_res,SRR8285732,NA,NA,NA
1X2304,SNPRC_founder_yellow,NA,NA,NA,NA,30.872,98.85,PRJNA433868,Robinson_et_al_2019_Gen_res,SRR8285728,NA,NA,NA
1X2891,SNPRC_founder_anubis,NA,NA,NA,NA,32.783,98.73,PRJNA433868,Robinson_et_al_2019_Gen_res,SRR8285754,NA,NA,NA
1X3162,SNPRC_founder_anubis,NA,NA,NA,NA,37.140,98.79,PRJNA433868,Robinson_et_al_2019_Gen_res,SRR8285753,NA,NA,NA
1X3576,SNPRC_founder_anubis,NA,NA,NA,NA,35.347,98.93,PRJNA433868,Robinson_et_al_2019_Gen_res,SRR8285727,NA,NA,NA
panu_30877,Aberdares,NA,NA,NA,NA,21.692,99.02,PRJNA54005,Rogers_et_al_2019_Sci_Adv,SRR1706223; SRR1706224; SRR1767312; SRR1648937; SRR1648938; SRR1648939; SRR1648940,NA,NA,NA
panu_30977,Aberdares,NA,NA,NA,NA,19.929,99.25,PRJNA54005,Rogers_et_al_2019_Sci_Adv,SRR1703318; SRR1754714; SRR1648316; SRR1648317,NA,NA,NA
panu_L142,SNPRC_nonfounder,NA,NA,NA,NA,20.187,98.69,PRJNA54005,Rogers_et_al_2019_Sci_Adv,SRR1515159; SRR1515160; SRR1515161; SRR1515162; SRR1700527; SRR1700528,NA,NA,NA
panu_LIV5,SNPRC_nonfounder,NA,NA,NA,NA,23.706,99.30,PRJNA54005,Rogers_et_al_2019_Sci_Adv,SRR1700532; SRR1700533; SRR1516196; SRR1516197; SRR1516198; SRR1516199,NA,NA,NA
pham_97074,Hamadryas,NA,NA,NA,NA,19.199,98.47,PRJNA20425,Rogers_et_al_2019_Sci_Adv,SRR1703171; SRR1703172; SRR1649184; SRR1649185; SRR1649186,NA,NA,NA
pham_97124,Hamadryas,NA,NA,NA,NA,19.656,98.97,PRJNA20425,Rogers_et_al_2019_Sci_Adv,SRR1703173; SRR1649187; SRR1649188; SRR1649189,NA,NA,NA
pkin_34449,Kinda,NA,NA,NA,NA,33.652,98.25,PRJNA162517,Rogers_et_al_2019_Sci_Adv,SRR1649279; SRR1649280; SRR1649281; SRR1649282; SRR1649283,NA,NA,NA
pkin_34472,Kinda,NA,NA,NA,NA,31.051,98.32,PRJNA162517,Rogers_et_al_2019_Sci_Adv,SRR1649284; SRR1649285; SRR1649286; SRR1649287,NA,NA,NA
pkin_34474,Kinda,NA,NA,NA,NA,29.954,97.43,PRJNA162517,Rogers_et_al_2019_Sci_Adv,SRR1649288; SRR1649289; SRR1649290; SRR1649291,NA,NA,NA
ppap_28547,Guinea,NA,NA,NA,NA,17.418,98.30,PRJNA54003,Rogers_et_al_2019_Sci_Adv,SRR1596301; SRR1596302; SRR1596303; SRR1596304,NA,NA,NA
ppap_30388,Guinea,NA,NA,NA,NA,26.499,98.60,PRJNA54003,Rogers_et_al_2019_Sci_Adv,SRR1514955; SRR1514956; SRR1514957; SRR1514958; SRR1514959,NA,NA,NA
purs_28697,Chacma,NA,NA,NA,NA,20.984,98.87,PRJNA54009,Rogers_et_al_2019_Sci_Adv,SRR1513795; SRR1513796; SRR1513797; SRR1513798; SRR1513799; SRR1513800; SRR1513801; SRR1513802,NA,NA,NA
purs_28755,Chacma,NA,NA,NA,NA,20.349,98.75,PRJNA54009,Rogers_et_al_2019_Sci_Adv,SRR1511593; SRR1511594; SRR1511595; SRR1699634; SRR1699635; SRR1699634; SRR1699635,NA,NA,NA
pcyn_16066,Mikumi,NA,NA,NA,NA,23.519,99.22,PRJNA54007,Rogers_et_al_2019_Sci_Adv,SRR1513473; SRR1513474; SRR1513475; SRR1513476; SRR1513477; SRR1513478; SRR1513479,NA,NA,NA
38168,Gelada,NA,NA,NA,NA,41.673,97.64,PRJNA251424,Rogers_et_al_2019_Sci_Adv,SRR5207265; SRR5207263; SRR5207264,NA,NA,NA